<?xml version="1.0" encoding="UTF-8"?>
<SalesOrder>
	<Sales>
		<OrderId>4001</OrderId>
		<ItemNo>1</ItemNo>
		<Description>Notebook Basic 15</Description>
		<Quantity>10</Quantity>
		<DeliveryDate>30-5-2020</DeliveryDate>
		<ShippingAddress>NewYork</ShippingAddress>
	</Sales>
	<Sales>
		<OrderId>4002</OrderId>
		<ItemNo>2</ItemNo>
		<Description>Notebook Basic 18</Description>
		<Quantity>20</Quantity>
		<DeliveryDate>27-5-2020</DeliveryDate>
		<ShippingAddress>London</ShippingAddress>
	</Sales>
	<Sales>
		<OrderId>4003</OrderId>
		<ItemNo>3</ItemNo>
		<Description>Notebook Basic 20</Description>
		<Quantity>40</Quantity>
		<DeliveryDate>23-5-2020</DeliveryDate>
		<ShippingAddress>UK</ShippingAddress>
	</Sales>
	<Sales>
		<OrderId>4004</OrderId>
		<ItemNo>4</ItemNo>
		<Description>Notebook Basic 25</Description>
		<Quantity>20</Quantity>
		<DeliveryDate>20-5-2020</DeliveryDate>
		<ShippingAddress>Russia</ShippingAddress>
	</Sales>
	<Sales>
		<OrderId>4005</OrderId>
		<ItemNo>5</ItemNo>
		<Description>Notebook Basic 45</Description>
		<Quantity>20</Quantity>
		<DeliveryDate>19-5-2020</DeliveryDate>
		<ShippingAddress>France</ShippingAddress>
	</Sales>
	<Sales>
		<OrderId>4006</OrderId>
		<ItemNo>1</ItemNo>
		<Description>Notebook Basic 15</Description>
		<Quantity>10</Quantity>
		<DeliveryDate>30-5-2020</DeliveryDate>
		<ShippingAddress>NewYork</ShippingAddress>
	</Sales>
	<Sales>
		<OrderId>4007</OrderId>
		<ItemNo>2</ItemNo>
		<Description>Notebook Basic 18</Description>
		<Quantity>20</Quantity>
		<DeliveryDate>27-5-2020</DeliveryDate>
		<ShippingAddress>London</ShippingAddress>
	</Sales>
	<Sales>
		<OrderId>4008</OrderId>
		<ItemNo>3</ItemNo>
		<Description>Notebook Basic 20</Description>
		<Quantity>40</Quantity>
		<DeliveryDate>23-5-2020</DeliveryDate>
		<ShippingAddress>UK</ShippingAddress>
	</Sales>
	<Sales>
		<OrderId>4009</OrderId>
		<ItemNo>4</ItemNo>
		<Description>Notebook Basic 25</Description>
		<Quantity>20</Quantity>
		<DeliveryDate>20-5-2020</DeliveryDate>
		<ShippingAddress>Russia</ShippingAddress>
	</Sales>
	<Sales>
		<OrderId>4010</OrderId>
		<ItemNo>5</ItemNo>
		<Description>Notebook Basic 45</Description>
		<Quantity>20</Quantity>
		<DeliveryDate>19-5-2020</DeliveryDate>
		<ShippingAddress>France</ShippingAddress>
	</Sales>
	<Sales>
		<OrderId>4011</OrderId>
		<ItemNo>1</ItemNo>
		<Description>Notebook Basic 15</Description>
		<Quantity>10</Quantity>
		<DeliveryDate>30-5-2020</DeliveryDate>
		<ShippingAddress>NewYork</ShippingAddress>
	</Sales>
	<Sales>
		<OrderId>4012</OrderId>
		<ItemNo>2</ItemNo>
		<Description>Notebook Basic 18</Description>
		<Quantity>20</Quantity>
		<DeliveryDate>27-5-2020</DeliveryDate>
		<ShippingAddress>London</ShippingAddress>
	</Sales>
	<Sales>
		<OrderId>4013</OrderId>
		<ItemNo>3</ItemNo>
		<Description>Notebook Basic 20</Description>
		<Quantity>40</Quantity>
		<DeliveryDate>23-5-2020</DeliveryDate>
		<ShippingAddress>UK</ShippingAddress>
	</Sales>
	<Sales>
		<OrderId>4044</OrderId>
		<ItemNo>4</ItemNo>
		<Description>Notebook Basic 25</Description>
		<Quantity>20</Quantity>
		<DeliveryDate>20-5-2020</DeliveryDate>
		<ShippingAddress>Russia</ShippingAddress>
	</Sales>
	<Sales>
		<OrderId>4015</OrderId>
		<ItemNo>5</ItemNo>
		<Description>Notebook Basic 45</Description>
		<Quantity>20</Quantity>
		<DeliveryDate>19-5-2020</DeliveryDate>
		<ShippingAddress>France</ShippingAddress>
	</Sales>
	<Sales>
		<OrderId>4016</OrderId>
		<ItemNo>4</ItemNo>
		<Description>Notebook Basic 25</Description>
		<Quantity>20</Quantity>
		<DeliveryDate>20-5-2020</DeliveryDate>
		<ShippingAddress>Russia</ShippingAddress>
	</Sales>
	<Sales>
		<OrderId>4017</OrderId>
		<ItemNo>5</ItemNo>
		<Description>Notebook Basic 45</Description>
		<Quantity>20</Quantity>
		<DeliveryDate>19-5-2020</DeliveryDate>
		<ShippingAddress>France</ShippingAddress>
	</Sales>
</SalesOrder>