<?xml version="1.0" encoding="UTF-8"?>
<Rowsets>
    <Rowset>
        <Row>
            <STEP_TYPE>Torque</STEP_TYPE>
            <STEP_NUMBER>10</STEP_NUMBER>
            <TOOL_REFERENCE>Tool1</TOOL_REFERENCE>
            <TORQUE>1.5</TORQUE>
            <TORQUE_TOLERANCE>1.5</TORQUE_TOLERANCE>
            <ANGLE>1</ANGLE>
            <ANGLE_TOLERANCE>1.3</ANGLE_TOLERANCE>
            <FIXINGS>4</FIXINGS>
        </Row>
        <Row>
            <STEP_TYPE>Place</STEP_TYPE>
            <STEP_NUMBER>20</STEP_NUMBER>
            <TOOL_REFERENCE>Tool2</TOOL_REFERENCE>
        </Row>
        <Row>
            <STEP_TYPE>Pick</STEP_TYPE>
            <STEP_NUMBER>30</STEP_NUMBER>
            <TOOL_REFERENCE>Tool3</TOOL_REFERENCE>
        </Row>
        <Row>
            <STEP_TYPE>Apply</STEP_TYPE>
            <STEP_NUMBER>40</STEP_NUMBER>
            <TOOL_REFERENCE>Tool4</TOOL_REFERENCE>
        </Row>
           <Row>
            <STEP_TYPE>Torque</STEP_TYPE>
            <STEP_NUMBER>10</STEP_NUMBER>
            <TOOL_REFERENCE>Tool1</TOOL_REFERENCE>
        </Row>
        <Row>
            <STEP_TYPE>Place</STEP_TYPE>
            <STEP_NUMBER>20</STEP_NUMBER>
            <TOOL_REFERENCE>Tool2</TOOL_REFERENCE>
        </Row>
        <Row>
            <STEP_TYPE>Pick</STEP_TYPE>
            <STEP_NUMBER>30</STEP_NUMBER>
            <TOOL_REFERENCE>Tool3</TOOL_REFERENCE>
        </Row>
        <Row>
            <STEP_TYPE>Apply</STEP_TYPE>
            <STEP_NUMBER>40</STEP_NUMBER>
            <TOOL_REFERENCE>Tool4</TOOL_REFERENCE>
        </Row>
      <Row>
            <STEP_TYPE>Torque</STEP_TYPE>
            <STEP_NUMBER>10</STEP_NUMBER>
            <TOOL_REFERENCE>Tool1</TOOL_REFERENCE>
        </Row>
        <Row>
            <STEP_TYPE>Place</STEP_TYPE>
            <STEP_NUMBER>20</STEP_NUMBER>
            <TOOL_REFERENCE>Tool2</TOOL_REFERENCE>
        </Row>
        <Row>
            <STEP_TYPE>Pick</STEP_TYPE>
            <STEP_NUMBER>30</STEP_NUMBER>
            <TOOL_REFERENCE>Tool3</TOOL_REFERENCE>
        </Row>
        <Row>
            <STEP_TYPE>Apply</STEP_TYPE>
            <STEP_NUMBER>40</STEP_NUMBER>
            <TOOL_REFERENCE>Tool4</TOOL_REFERENCE>
        </Row>
           <Row>
            <STEP_TYPE>Torque</STEP_TYPE>
            <STEP_NUMBER>10</STEP_NUMBER>
            <TOOL_REFERENCE>Tool1</TOOL_REFERENCE>
        </Row>
        <Row>
            <STEP_TYPE>Place</STEP_TYPE>
            <STEP_NUMBER>20</STEP_NUMBER>
            <TOOL_REFERENCE>Tool2</TOOL_REFERENCE>
        </Row>
        <Row>
            <STEP_TYPE>Pick</STEP_TYPE>
            <STEP_NUMBER>30</STEP_NUMBER>
            <TOOL_REFERENCE>Tool3</TOOL_REFERENCE>
        </Row>
        <Row>
            <STEP_TYPE>Apply</STEP_TYPE>
            <STEP_NUMBER>40</STEP_NUMBER>
            <TOOL_REFERENCE>Tool4</TOOL_REFERENCE>
        </Row>

    </Rowset>

    </Rowsets>